{
  "header": {
    "dof": 4,
    "dt_s": 0.02,
    "units": "radians",
    "joint_names": [
      "joint_1",
      "joint_2",
      "joint_3",
      "joint_4"
    ],
    "n_points": 134
  },
  "trajectory": {
    "timestamps": [
      0.0,
      0.02004492525008536,
      0.04008985050017072,
      0.06013477575025608,
      0.08017970100034144,
      0.1002246262504268,
      0.12026955150051216,
      0.14031447675059752,
      0.16035940200068288,
      0.18040432725076824,
      0.2004492525008536,
      0.22049417775093896,
      0.24053910300102432,
      0.2605840282511097,
      0.28062895350119504,
      0.3006738787512804,
      0.32071880400136576,
      0.34076372925145115,
      0.3608086545015365,
      0.3808535797516218,
      0.4008985050017072,
      0.4209434302517926,
      0.4409883555018779,
      0.46103328075196326,
      0.48107820600204865,
      0.501123131252134,
      0.5211680565022194,
      0.5412129817523047,
      0.5612579070023901,
      0.5813028322524755,
      0.6013477575025608,
      0.6213926827526461,
      0.6414376080027315,
      0.6614825332528169,
      0.6815274585029023,
      0.7015723837529876,
      0.721617309003073,
      0.7416622342531584,
      0.7617071595032436,
      0.781752084753329,
      0.8017970100034144,
      0.8218419352534998,
      0.8418868605035852,
      0.8619317857536705,
      0.8819767110037559,
      0.9020216362538412,
      0.9220665615039265,
      0.9421114867540119,
      0.9621564120040973,
      0.9822013372541827,
      1.002246262504268,
      1.0222911877543535,
      1.0423361130044388,
      1.062381038254524,
      1.0824259635046094,
      1.1024708887546948,
      1.1225158140047802,
      1.1425607392548656,
      1.162605664504951,
      1.1826505897550363,
      1.2026955150051215,
      1.222740440255207,
      1.2427853655052923,
      1.2628302907553777,
      1.282875216005463,
      1.3029201412555484,
      1.3229650665056338,
      1.3430099917557192,
      1.3630549170058046,
      1.3830998422558898,
      1.4031447675059752,
      1.4231896927560606,
      1.443234618006146,
      1.4632795432562313,
      1.4833244685063167,
      1.503369393756402,
      1.5234143190064873,
      1.5434592442565727,
      1.563504169506658,
      1.5835490947567434,
      1.6035940200068288,
      1.6236389452569142,
      1.6436838705069996,
      1.663728795757085,
      1.6837737210071704,
      1.7038186462572555,
      1.723863571507341,
      1.7439084967574263,
      1.7639534220075117,
      1.783998347257597,
      1.8040432725076825,
      1.8240881977577679,
      1.844133123007853,
      1.8641780482579384,
      1.8842229735080238,
      1.9042678987581092,
      1.9243128240081946,
      1.94435774925828,
      1.9644026745083654,
      1.9844475997584508,
      2.004492525008536,
      2.0245374502586215,
      2.044582375508707,
      2.0646273007587923,
      2.0846722260088777,
      2.1047171512589626,
      2.124762076509048,
      2.1448070017591334,
      2.164851927009219,
      2.184896852259304,
      2.2049417775093896,
      2.224986702759475,
      2.2450316280095604,
      2.2650765532596457,
      2.285121478509731,
      2.3051664037598165,
      2.325211329009902,
      2.3452562542599873,
      2.3653011795100727,
      2.385346104760158,
      2.405391030010243,
      2.4254359552603284,
      2.445480880510414,
      2.465525805760499,
      2.4855707310105846,
      2.50561565626067,
      2.5256605815107553,
      2.5457055067608407,
      2.565750432010926,
      2.5857953572610115,
      2.605840282511097,
      2.6258852077611823,
      2.6459301330112677,
      2.665975058261353
    ],
    "joint_angles": [
      [
        0.0,
        0.0,
        0.0,
        0.0
      ],
      [
        0.00027306215034079637,
        -0.0016901038570096324,
        -0.0016650178209421096,
        0.0
      ],
      [
        0.0010600895136921493,
        -0.006561368441691667,
        -0.00646397873117304,
        0.0
      ],
      [
        0.002312843458547504,
        -0.01431522327452581,
        -0.014102743901799693,
        0.0
      ],
      [
        0.003983085353400307,
        -0.02465309787599177,
        -0.024287174503928977,
        0.0
      ],
      [
        0.006022576566744002,
        -0.03727642176656925,
        -0.03672313170866778,
        0.0
      ],
      [
        0.008383078467072038,
        -0.05188662446673797,
        -0.05111647668712303,
        0.0
      ],
      [
        0.011016352422877858,
        -0.06818513549697763,
        -0.06717307061040162,
        0.0
      ],
      [
        0.013874159802654908,
        -0.08587338437776791,
        -0.08459877464961044,
        0.0
      ],
      [
        0.01690826197489663,
        -0.10465280062958854,
        -0.10309944997585638,
        0.0
      ],
      [
        0.020070420308096477,
        -0.12422481377291925,
        -0.1223809577602464,
        0.0
      ],
      [
        0.023312396170747887,
        -0.1442908533282397,
        -0.14214915917388737,
        0.0
      ],
      [
        0.026585950931344318,
        -0.16455234881602965,
        -0.16210991538788616,
        0.0
      ],
      [
        0.029842845958379206,
        -0.18471072975676878,
        -0.18196908757334979,
        0.0
      ],
      [
        0.03303484262034599,
        -0.2044674256709368,
        -0.20143253690138502,
        0.0
      ],
      [
        0.03611381416241663,
        -0.22352455853384687,
        -0.22020680671989704,
        0.0
      ],
      [
        0.039049799805435215,
        -0.24169668767440197,
        -0.2381092088344158,
        0.0
      ],
      [
        0.04185093277927654,
        -0.2590341532923118,
        -0.25518933625029366,
        0.0
      ],
      [
        0.044530143026406274,
        -0.2756169845882725,
        -0.2715260303031099,
        0.0
      ],
      [
        0.04710036048929011,
        -0.29152521076298044,
        -0.28719813232844443,
        0.0
      ],
      [
        0.04957451511039371,
        -0.3068388610171316,
        -0.3022844836618767,
        0.0
      ],
      [
        0.05196553683218274,
        -0.32163796455142213,
        -0.31686392563898635,
        0.0
      ],
      [
        0.05428635559712289,
        -0.3360025505665483,
        -0.3310152995953529,
        0.0
      ],
      [
        0.05654990134767982,
        -0.35001264826320616,
        -0.344817446866556,
        0.0
      ],
      [
        0.058769104026319234,
        -0.36374828684209204,
        -0.3583492087881754,
        0.0
      ],
      [
        0.060956893575506765,
        -0.3772894955039019,
        -0.3716894266957904,
        0.0
      ],
      [
        0.06312619993770813,
        -0.390716303449332,
        -0.3849169419249807,
        0.0
      ],
      [
        0.06528995305538894,
        -0.40410873987907847,
        -0.3981105958113259,
        0.0
      ],
      [
        0.06746108287101496,
        -0.4175468339938376,
        -0.4113492296904057,
        0.0
      ],
      [
        0.0696525193270518,
        -0.43111061499430536,
        -0.42471168489779965,
        0.0
      ],
      [
        0.07187695224041125,
        -0.4448786258366572,
        -0.4382753385847396,
        0.0
      ],
      [
        0.07413978887019194,
        -0.458884334467465,
        -0.45207316193654123,
        0.0
      ],
      [
        0.07643801707326009,
        -0.4731090973847937,
        -0.4660867881748333,
        0.0
      ],
      [
        0.07876815571125954,
        -0.4875313682653789,
        -0.4802949907861903,
        0.0
      ],
      [
        0.08112672364583418,
        -0.5021296007859564,
        -0.49467654325718713,
        0.0
      ],
      [
        0.08351023973862781,
        -0.5168822486232615,
        -0.5092102190743983,
        0.0
      ],
      [
        0.08591522285128435,
        -0.5317677654540304,
        -0.5238747917243987,
