{
  "header": {
    "dof": 3,
    "dt_s": 0.02,
    "units": "radians",
    "joint_names": [
      "joint_1",
      "joint_2",
      "joint_3"
    ],
    "n_points": 163
  },
  "trajectory": {
    "timestamps": [
      0.0,
      0.02006122013007287,
      0.04012244026014574,
      0.06018366039021861,
      0.08024488052029148,
      0.10030610065036435,
      0.12036732078043721,
      0.1404285409105101,
      0.16048976104058296,
      0.18055098117065582,
      0.2006122013007287,
      0.22067342143080157,
      0.24073464156087443,
      0.2607958616909473,
      0.2808570818210202,
      0.30091830195109304,
      0.3209795220811659,
      0.3410407422112388,
      0.36110196234131164,
      0.38116318247138453,
      0.4012244026014574,
      0.42128562273153025,
      0.44134684286160314,
      0.461408062991676,
      0.48146928312174886,
      0.5015305032518218,
      0.5215917233818946,
      0.5416529435119675,
      0.5617141636420404,
      0.5817753837721132,
      0.6018366039021861,
      0.621897824032259,
      0.6419590441623318,
      0.6620202642924047,
      0.6820814844224776,
      0.7021427045525505,
      0.7222039246826233,
      0.7422651448126962,
      0.7623263649427691,
      0.7823875850728419,
      0.8024488052029148,
      0.8225100253329877,
      0.8425712454630605,
      0.8626324655931334,
      0.8826936857232063,
      0.9027549058532791,
      0.922816125983352,
      0.9428773461134249,
      0.9629385662434977,
      0.9829997863735707,
      1.0030610065036436,
      1.0231222266337163,
      1.0431834467637893,
      1.0632446668938622,
      1.083305887023935,
      1.1033671071540079,
      1.1234283272840808,
      1.1434895474141535,
      1.1635507675442265,
      1.1836119876742994,
      1.2036732078043721,
      1.223734427934445,
      1.243795648064518,
      1.2638568681945908,
      1.2839180883246637,
      1.3039793084547366,
      1.3240405285848094,
      1.3441017487148823,
      1.3641629688449552,
      1.384224188975028,
      1.404285409105101,
      1.4243466292351739,
      1.4444078493652466,
      1.4644690694953195,
      1.4845302896253925,
      1.5045915097554652,
      1.5246527298855381,
      1.544713950015611,
      1.5647751701456838,
      1.5848363902757567,
      1.6048976104058297,
      1.6249588305359024,
      1.6450200506659753,
      1.6650812707960483,
      1.685142490926121,
      1.705203711056194,
      1.725264931186267,
      1.7453261513163396,
      1.7653873714464126,
      1.7854485915764855,
      1.8055098117065582,
      1.8255710318366312,
      1.845632251966704,
      1.8656934720967768,
      1.8857546922268498,
      1.9058159123569227,
      1.9258771324869954,
      1.9459383526170684,
      1.9659995727471413,
      1.9860607928772143,
      2.006122013007287,
      2.0261832331373597,
      2.0462444532674327,
      2.0663056733975056,
      2.0863668935275785,
      2.1064281136576515,
      2.1264893337877244,
      2.146550553917797,
      2.16661177404787,
      2.186672994177943,
      2.2067342143080158,
      2.2267954344380887,
      2.2468566545681616,
      2.266917874698234,
      2.286979094828307,
      2.30704031495838,
      2.327101535088453,
      2.347162755218526,
      2.367223975348599,
      2.3872851954786714,
      2.4073464156087443,
      2.4274076357388172,
      2.44746885586889,
      2.467530075998963,
      2.487591296129036,
      2.5076525162591086,
      2.5277137363891815,
      2.5477749565192545,
      2.5678361766493274,
      2.5878973967794003,
      2.6079586169094733,
      2.6280198370395462,
      2.6480810571696187,
      2.6681422772996917,
      2.6882034974297646,
      2.7082647175598376,
      2.7283259376899105,
      2.7483871578199834,
      2.768448377950056,
      2.788509598080129,
      2.808570818210202,
      2.8286320383402748,
      2.8486932584703477,
      2.8687544786004207,
      2.888815698730493,
      2.908876918860566,
      2.928938138990639,
      2.948999359120712,
      2.969060579250785,
      2.989121799380858,
      3.0091830195109304,
      3.0292442396410033,
      3.0493054597710763,
      3.069366679901149,
      3.089427900031222,
      3.109489120161295,
      3.1295503402913676,
      3.1496115604214405,
      3.1696727805515135,
      3.1897340006815864,
      3.2097952208116594,
      3.2298564409417323,
      3.249917661071805
    ],